Brand,Positive,Negative,Neutral,Total Sentiment Score,Average Sentiment Score per Comment
Nike,2062,573,370,1489,0.49550748752079865
Adidas,1251,278,567,973,0.4642175572519084
Reebok,66,6,49,60,0.49586776859504134
Puma,300,11,53,289,0.7939560439560439
New Balance,788,45,650,743,0.5010114632501685
Asics,797,86,115,711,0.7124248496993988
Converse,131,65,187,66,0.17232375979112272
Vans,111,46,504,65,0.09833585476550681
Timberland,26,20,5,6,0.11764705882352941
Fila,4,1,0,3,0.6
Skechers,71,9,423,62,0.12326043737574553
